{
	"boardgames": {
		"student": "Carl de Witt u21444928",
		"boardgame": [
			{
				"title": {
					"year": 2015,
					"value": "Blood Rage"
				},
				"designer": "Eric M. Lang",
				"artists": "Henning Ludvigsen, Thierry Masson, +2 More",
				"publishers": "Cool Mini Or Not, Arclight, +13 more",
				"player": 4
			},
			{
				"title": {
					"year": 2022,
					"value": "Terra Nova"
				},
				"designer": "Andreas Faul",
				"publishers": "KOSMOS, +1 more",
				"player": 4
			}
		]
	}
}