<?xml version="1.0"?>
<books
 xmlns:xs="http://www.w3.org/2001/XMLSchema-instance"
	xs:noNamespaceSchemaLocation="a2.xsd"
	xmlns:f="https://realbooks.cn/ns/1.0/f" 
	xmlns:nf="https://realbooks.cn/ns/1.0/nf">
	<!-- <books> can contain a unlimited list of object from both namespaces, it can also be empty-->
	<nf:book>
		<section>
			<title>Interaction design : beyond human-computer interaction</title>
			<authors>	
				<author>Helen Sharp</author>
				<author>Yvonne Rogers</author>
				<author>Jenny Preece</author>
			</authors>
			<publisher year="2019">Wiley</publisher>
		</section>
		<section>
			<isbn>
				<isbn>1119547253</isbn>
				<isbn>9781119547259</isbn>
			</isbn>
			<notes>
				What's Inside? xvii 1 What is Interaction Design?
			</notes>
			<format>Print book</format>
			<edition>5</edition>
			<subjects>
				<subject>Human-computer interaction</subject>
			</subjects>
		</section>
	</nf:book>
	<f:book>
		<section>
			<title>Dressed to kill</title>
			<authors>
				<author>Charlotte Madison</author>
			</authors>
			<publisher year="2010">London:Headline Review</publisher>
		</section>
		<section>
			<rating source ="goodread">10</rating>
			<rating source ="imdb">4</rating>
			<rating source ="editor">3</rating>
		</section>
		<section>
			<description>
				<pages>341</pages>
				<dimension>8</dimension>
				<format>Print book</format>
				<edition>5</edition>
			</description>
			<genres>
				<genre>Erlebnisbericht</genre>
				<genre>Biography</genre>
			</genres>
			<summary>
				 	'My fingers close around the trigger. I pause for a split second to think about the bullets I am about to spray across the ground. After today, I'll no longer be the new girl.' Captain Charlotte Madison is blonde, beautiful and flies Apache helicopters for a living. She has completed two tours of duty in Afghanistan and is currently fighting on the frontline in her third. Bird shows us what life is like for a girl in a resolutely male-dominated environment. But she isn't just a woman in a man's world, she's a woman women aspire to be --
					glamorous as well as brave, and beating the men at their own game. Only a tiny percentage of people can multi-task to the extreme level the aircraft demands, and most airmen who try to qualify as an Apache pilot fail. Full of the exciting, adrenaline-filled action that has made other military memoirs so successful, Bird is also unique. A highly intelligent and brilliant young woman, Charlotte is Britain's first female Apache pilot, and the first British female pilot to kill in an Apache. We have, quite simply, never seen the landscape of 21st-century frontline conflict from a perspective like hers before. Bird will appeal to anyone interested in current affairs, but it will also speak to a whole generation of young women who will relate to 27-year-old Charlotte in a way they never imagined possible.
			</summary>
		</section>
	</f:book>
</books>
